Survived,Sex,Age,SibSp,Parch,Fare,Pclass_1,Pclass_2,Pclass_3,Embarked_C,Embarked_Q,Embarked_S
0,1,22.0,1,0,0,0,0,1,0,0,1
1,0,38.0,1,0,4,1,0,0,1,0,0
1,0,26.0,0,0,1,0,0,1,0,0,1
1,0,35.0,1,0,4,1,0,0,0,0,1
0,1,35.0,0,0,1,0,0,1,0,0,1
0,1,24.0,0,0,1,0,0,1,0,1,0
0,1,54.0,0,0,4,1,0,0,0,0,1
1,0,27.0,0,2,2,0,0,1,0,0,1
1,0,14.0,1,0,3,0,1,0,1,0,0
1,0,4.0,1,1,2,0,0,1,0,0,1
0,1,20.0,0,0,1,0,0,1,0,0,1
0,1,39.0,1,5,3,0,0,1,0,0,1
0,0,14.0,0,0,1,0,0,1,0,0,1
1,1,24.0,0,0,2,0,1,0,0,0,1
0,0,31.0,1,0,2,0,0,1,0,0,1
1,0,24.0,0,0,0,0,0,1,1,0,0
0,1,35.0,0,0,3,0,1,0,0,0,1
1,1,34.0,0,0,2,0,1,0,0,0,1
1,0,15.0,0,0,1,0,0,1,0,1,0
1,1,28.0,0,0,3,1,0,0,0,0,1
0,0,8.0,3,1,2,0,0,1,0,0,1
1,0,38.0,1,5,3,0,0,1,0,0,1
0,1,24.0,0,0,0,0,0,1,1,0,0
0,1,19.0,3,2,4,1,0,0,0,0,1
1,0,24.0,0,0,1,0,0,1,0,1,0
0,1,24.0,0,0,1,0,0,1,0,0,1
0,1,40.0,0,0,3,1,0,0,1,0,0
1,0,24.0,1,0,4,1,0,0,1,0,0
1,0,24.0,0,0,0,0,0,1,0,1,0
0,1,28.0,1,0,4,1,0,0,1,0,0
0,1,42.0,1,0,4,1,0,0,0,0,1
1,1,24.0,0,0,0,0,0,1,1,0,0
0,1,21.0,0,0,1,0,0,1,0,0,1
0,0,18.0,2,0,2,0,0,1,0,0,1
1,0,14.0,1,0,2,0,0,1,1,0,0
0,0,40.0,1,0,1,0,0,1,0,0,1
0,0,27.0,1,0,2,0,1,0,0,0,1
0,1,24.0,0,0,1,0,0,1,1,0,0
1,0,3.0,1,2,4,0,1,0,1,0,0
1,0,19.0,0,0,1,0,0,1,0,1,0
0,1,24.0,0,0,1,0,0,1,0,0,1
0,1,24.0,1,0,2,0,0,1,0,1,0
0,1,24.0,2,0,3,0,0,1,1,0,0
0,0,18.0,1,0,2,0,0,1,0,0,1
0,1,7.0,4,1,3,0,0,1,0,0,1
0,1,21.0,0,0,0,0,0,1,0,0,1
1,0,49.0,1,0,4,1,0,0,1,0,0
1,0,29.0,1,0,3,0,1,0,0,0,1
1,1,24.0,0,0,3,1,0,0,0,0,1
1,0,21.0,0,0,1,0,1,0,0,0,1
0,1,28.5,0,0,0,0,0,1,1,0,0
1,0,5.0,1,2,3,0,1,0,0,0,1
0,1,11.0,5,2,4,0,0,1,0,0,1
0,1,22.0,0,0,0,0,0,1,1,0,0
1,0,38.0,0,0,4,1,0,0,0,0,0
0,1,45.0,1,0,4,1,0,0,0,0,1
0,1,4.0,3,2,3,0,0,1,0,0,1
0,1,24.0,0,0,3,1,0,0,1,0,0
1,1,24.0,1,1,2,0,0,1,1,0,0
1,0,29.0,0,0,1,0,1,0,0,0,1
0,1,19.0,0,0,1,0,0,1,0,0,1
1,0,17.0,4,2,1,0,0,1,0,0,1
0,1,26.0,2,0,1,0,0,1,0,0,1
0,1,32.0,0,0,1,0,1,0,0,0,1
0,0,16.0,5,2,4,0,0,1,0,0,1
0,1,21.0,0,0,4,0,1,0,0,0,1
0,1,26.0,1,0,2,0,0,1,1,0,0
1,1,32.0,0,0,4,0,0,1,0,0,1
0,1,25.0,0,0,0,0,0,1,0,0,1
1,0,30.0,0,0,2,0,0,1,0,0,1
0,1,22.0,0,0,1,0,0,1,0,0,1
1,1,29.0,0,0,1,0,0,1,0,0,1
1,0,24.0,0,0,0,0,0,1,0,1,0
0,1,28.0,0,0,4,1,0,0,0,0,1
1,0,17.0,0,0,1,0,1,0,0,0,1
1,0,33.0,3,0,2,0,0,1,0,0,1
0,1,16.0,1,3,3,0,0,1,0,0,1
1,0,23.0,3,2,4,1,0,0,0,0,1
0,1,29.0,0,0,1,0,0,1,0,0,1
0,1,20.0,0,0,1,0,0,1,0,0,1
0,1,46.0,1,0,4,1,0,0,0,0,1
0,1,26.0,1,2,2,0,0,1,0,0,1
1,1,23.0,0,1,4,1,0,0,1,0,0
1,0,34.0,0,1,3,0,1,0,0,0,1
0,1,34.0,1,0,3,0,1,0,0,0,1
0,0,28.0,0,0,1,0,0,1,0,0,1
0,1,21.0,0,1,4,1,0,0,0,0,1
0,1,33.0,0,0,1,0,0,1,0,0,1
0,1,37.0,2,0,1,0,0,1,0,0,1
0,1,28.0,0,0,1,0,0,1,0,0,1
1,0,21.0,0,0,0,0,0,1,0,0,1
1,1,24.0,0,0,0,0,0,1,0,0,1
0,1,38.0,0,0,1,0,0,1,0,0,1
1,0,24.0,1,0,3,0,0,1,0,1,0
0,1,47.0,0,0,4,1,0,0,0,0,1
0,0,14.5,1,0,2,0,0,1,1,0,0
0,1,22.0,0,0,1,0,0,1,0,0,1
0,0,20.0,1,0,1,0,0,1,0,0,1
0,0,17.0,0,0,2,0,0,1,1,0,0
0,1,21.0,0,0,1,0,0,1,0,0,1
0,1,29.0,1,0,2,0,1,0,0,0,1
0,1,24.0,0,1,4,1,0,0,1,0,0
0,1,21.0,2,0,4,0,1,0,0,0,1
0,1,32.5,1,0,3,0,1,0,1,0,0
1,0,32.5,0,0,2,0,1,0,0,0,1
0,1,54.0,0,1,4,1,0,0,0,0,1
1,1,12.0,1,0,2,0,0,1,1,0,0
0,1,24.0,0,0,0,0,0,1,0,1,0
1,1,24.0,0,0,0,0,0,1,0,0,1
1,0,24.0,1,1,3,0,0,1,1,0,0
0,1,45.0,0,0,0,0,0,1,0,0,1
0,1,33.0,0,0,1,0,0,1,1,0,0
0,1,20.0,0,0,0,0,0,1,0,0,1
0,0,47.0,1,0,2,0,0,1,0,0,1
0,1,25.0,0,0,2,0,1,0,0,0,1
0,1,23.0,0,0,2,0,1,0,1,0,0
1,0,19.0,0,2,3,1,0,0,0,0,1
0,1,37.0,1,0,4,1,0,0,0,0,1
0,1,16.0,0,0,1,0,0,1,0,0,1
0,1,24.0,0,0,4,1,0,0,1,0,0
0,0,24.0,0,2,2,0,0,1,1,0,0
1,0,22.0,0,0,0,0,0,1,0,0,1
1,0,24.0,1,0,2,0,0,1,0,0,1
0,1,19.0,0,0,0,0,0,1,0,1,0
0,1,18.0,0,0,2,0,1,0,0,0,1
0,1,19.0,1,1,3,0,1,0,0,0,1
1,1,27.0,0,0,0,0,0,1,0,0,1
0,0,9.0,2,2,3,0,0,1,0,0,1
0,1,36.5,0,2,3,0,1,0,0,0,1
0,1,42.0,0,0,2,0,1,0,0,0,1
0,1,51.0,0,0,2,0,1,0,0,0,1
1,0,22.0,1,0,4,1,0,0,0,0,1
0,1,40.5,0,2,2,0,0,1,0,0,1
0,1,24.0,0,0,0,0,0,1,0,0,1
0,1,51.0,0,1,4,1,0,0,1,0,0
1,0,16.0,0,0,0,0,0,1,0,1,0
0,1,30.0,0,0,1,0,0,1,0,0,1
0,1,24.0,0,0,1,0,0,1,0,0,1
0,1,24.0,8,2,4,0,0,1,0,0,1
0,1,44.0,0,1,2,0,0,1,0,0,1
1,0,40.0,0,0,2,0,1,0,0,0,1
0,1,26.0,0,0,0,0,0,1,0,0,1
0,1,17.0,0,0,1,0,0,1,0,0,1
1,1,9.0,0,2,2,0,0,1,0,0,1
1,0,24.0,0,1,4,1,0,0,0,0,1
0,0,45.0,1,4,3,0,0,1,0,0,1
0,1,24.0,0,0,3,1,0,0,0,0,1
0,1,28.0,0,0,4,0,0,1,0,0,1
0,1,4.0,4,1,3,0,0,1,0,1,0
0,1,18.0,1,1,1,0,0,1,0,0,1
0,1,24.0,3,1,3,0,0,1,0,0,1
0,0,50.0,0,0,3,1,0,0,1,0,0
0,1,30.0,0,0,2,0,1,0,0,0,1
0,1,36.0,0,0,0,0,0,1,0,0,1
0,0,24.0,8,2,4,0,0,1,0,0,1
0,1,24.0,0,0,2,0,1,0,1,0,0
0,1,9.0,4,2,3,0,0,1,0,0,1
1,0,4.0,0,2,3,0,0,1,0,0,1
0,1,24.0,0,0,4,1,0,0,0,0,1
1,0,24.0,1,0,2,0,0,1,0,1,0
1,1,45.0,0,0,3,1,0,0,0,0,1
0,1,40.0,1,1,2,0,0,1,0,1,0
0,1,36.0,0,0,1,0,0,1,0,0,1
1,0,32.0,0,0,2,0,1,0,0,0,1
0,1,19.0,0,0,2,0,1,0,0,0,1
1,0,19.0,1,0,1,0,0,1,0,0,1
1,1,3.0,1,1,3,0,1,0,0,0,1
1,0,44.0,0,0,3,1,0,0,1,0,0
0,1,42.0,0,1,1,0,0,1,0,0,1
0,0,24.0,0,0,2,0,1,0,0,0,1
0,1,28.0,0,0,1,0,0,1,0,0,1
0,1,34.0,0,0,0,0,0,1,0,0,1
0,1,45.5,0,0,0,0,0,1,1,0,0
1,1,18.0,0,0,1,0,0,1,0,0,1
0,1,32.0,1,0,2,0,0,1,0,0,1
1,1,26.0,0,0,2,0,0,1,1,0,0
1,0,16.0,0,0,0,0,0,1,0,1,0
1,1,40.0,0,0,3,1,0,0,1,0,0
0,1,24.0,0,0,0,0,0,1,0,0,1
1,0,35.0,0,0,2,0,1,0,0,0,1
0,1,22.0,0,0,0,0,0,1,0,0,1
0,1,24.0,1,0,0,0,0,1,0,1,0
1,0,31.0,1,0,4,1,0,0,1,0,0
1,0,27.0,0,0,1,0,0,1,0,0,1
0,1,42.0,1,0,3,0,1,0,0,0,1
1,0,32.0,0,0,4,1,0,0,1,0,0
0,1,30.0,0,0,1,0,1,0,0,0,1
1,1,16.0,0,0,1,0,0,1,0,0,1
0,1,27.0,0,0,2,0,1,0,0,0,1
0,1,51.0,0,0,1,0,0,1,0,0,1
1,1,38.0,1,0,4,1,0,0,0,0,1
0,1,22.0,0,0,1,0,0,1,0,0,1
1,1,19.0,0,0,1,0,1,0,0,0,1
0,1,20.5,0,0,0,0,0,1,0,0,1
0,1,18.0,0,0,2,0,1,0,0,0,1
0,0,24.0,3,1,3,0,0,1,0,0,1
1,0,35.0,1,0,4,1,0,0,0,0,1
0,1,29.0,0,0,0,0,0,1,0,0,1
1,0,5.0,4,2,3,0,0,1,0,0,1
0,1,24.0,0,0,1,0,1,0,0,0,1
0,0,24.0,0,0,0,0,0,1,0,0,1
0,1,44.0,1,0,3,0,1,0,0,0,1
1,0,8.0,0,2,3,0,1,0,0,0,1
0,1,19.0,0,0,1,0,1,0,0,0,1
0,1,33.0,0,0,2,0,1,0,0,0,1
0,0,24.0,1,0,2,0,0,1,1,0,0
0,1,29.0,0,0,1,0,1,0,0,0,1
0,1,22.0,0,0,0,0,0,1,0,0,1
0,1,30.0,0,0,0,0,0,1,1,0,0
0,1,44.0,2,0,4,1,0,0,0,1,0
0,0,25.0,0,0,0,0,0,1,0,0,1
1,0,24.0,0,2,2,0,1,0,0,0,1
1,1,37.0,1,1,4,1,0,0,0,0,1
0,1,54.0,1,0,3,0,1,0,0,0,1
0,1,24.0,0,0,0,0,0,1,0,0,1
0,0,29.0,1,1,1,0,0,1,0,0,1
0,1,30.0,1,0,2,0,0,1,0,0,1
0,0,41.0,0,2,2,0,0,1,0,0,1
1,0,29.0,0,2,2,0,0,1,1,0,0
1,0,24.0,0,0,4,1,0,0,1,0,0
1,0,30.0,0,0,4,1,0,0,0,0,1
1,0,35.0,0,0,4,1,0,0,1,0,0
1,0,50.0,0,1,3,0,1,0,0,0,1
1,1,3.0,4,2,3,0,0,1,0,0,1
0,1,52.0,1,1,4,1,0,0,0,0,1
0,1,40.0,0,0,0,1,0,0,0,0,1
0,0,24.0,0,0,0,0,0,1,0,1,0
0,1,36.0,0,0,1,0,1,0,0,0,1
0,1,16.0,4,1,3,0,0,1,0,0,1
1,1,25.0,1,0,0,0,0,1,0,0,1
1,0,35.0,0,0,4,1,0,0,0,0,1
0,1,24.0,0,0,3,1,0,0,0,0,1
1,1,25.0,0,0,0,0,0,1,0,0,1
1,0,41.0,0,1,2,0,1,0,0,0,1
0,1,37.0,0,1,3,1,0,0,1,0,0
0,0,45.0,0,0,0,0,0,1,0,0,1
0,1,24.0,0,0,0,0,1,0,0,0,1
0,1,7.0,4,1,3,0,0,1,0,1,0
1,0,35.0,1,1,2,0,0,1,0,0,1
0,1,28.0,0,0,1,0,0,1,0,0,1
0,1,16.0,0,0,1,0,0,1,0,0,1
1,1,19.0,0,0,1,0,0,1,0,0,1
0,1,24.0,0,0,3,1,0,0,0,0,1
0,1,33.0,0,0,1,0,0,1,1,0,0
1,1,30.0,0,0,1,0,0,1,0,0,1
0,1,22.0,0,0,1,0,0,1,0,0,1
1,1,42.0,0,0,2,0,1,0,0,0,1
1,0,22.0,0,0,0,0,0,1,0,1,0
1,0,26.0,0,0,4,1,0,0,0,0,1
1,0,19.0,1,0,4,1,0,0,1,0,0
0,1,36.0,0,0,2,0,1,0,1,0,0
0,0,24.0,0,0,1,0,0,1,0,0,1
0,1,23.5,0,0,0,0,0,1,1,0,0
1,1,24.0,0,0,3,1,0,0,0,0,1
1,0,50.0,0,1,4,1,0,0,1,0,0
1,1,24.0,2,0,3,0,0,1,0,1,0
0,1,19.0,0,0,0,0,0,1,0,0,1
1,0,24.0,0,0,2,0,1,0,0,1,0
1,0,24.0,0,0,4,1,0,0,1,0,0
1,0,17.0,1,0,4,1,0,0,1,0,0
0,1,30.0,1,0,3,0,1,0,1,0,0
1,0,30.0,0,0,4,1,0,0,1,0,0
1,0,24.0,0,0,4,1,0,0,1,0,0
1,0,18.0,2,2,4,1,0,0,1,0,0
0,0,26.0,1,1,3,0,1,0,0,0,1
0,1,43.0,1,1,3,0,1,0,0,0,1
1,0,26.0,0,0,1,0,0,1,0,0,1
1,0,24.0,1,0,3,0,1,0,0,0,1
0,1,54.0,0,0,2,0,1,0,0,0,1
1,0,31.0,0,2,4,1,0,0,0,0,1
1,0,40.0,1,1,4,1,0,0,1,0,0
0,1,27.0,0,0,1,0,0,1,0,0,1
1,0,30.0,0,0,2,0,1,0,0,1,0
1,0,22.0,1,1,3,0,1,0,0,0,1
1,0,36.0,0,0,4,1,0,0,1,0,0
1,0,36.0,0,0,2,0,1,0,0,0,1
1,0,31.0,1,1,2,0,0,1,0,0,1
1,0,16.0,0,1,4,1,0,0,1,0,0
1,0,24.0,2,0,3,0,0,1,0,1,0
0,1,45.5,0,0,3,1,0,0,0,0,1
0,1,38.0,0,1,4,1,0,0,0,0,1
0,1,16.0,2,0,2,0,0,1,0,0,1
1,0,24.0,1,0,4,1,0,0,0,0,1
0,1,29.0,1,0,4,1,0,0,0,0,1
1,0,41.0,0,0,4,1,0,0,1,0,0
1,1,45.0,0,0,1,0,0,1,0,0,1
0,1,45.0,0,0,3,1,0,0,0,0,1
1,0,24.0,3,2,4,1,0,0,0,0,1
0,1,28.0,0,0,2,0,1,0,0,0,1
0,1,36.0,0,0,2,0,1,0,0,0,1
1,0,24.0,0,0,2,0,1,0,0,0,1
1,0,40.0,0,0,2,0,1,0,0,0,1
1,0,24.0,1,0,2,0,0,1,0,0,1
1,1,3.0,1,1,2,0,0,1,0,0,1
0,1,42.0,0,0,1,0,0,1,0,0,1
0,1,23.0,0,0,1,0,0,1,0,0,1
0,1,24.0,0,0,3,1,0,0,0,0,1
0,1,15.0,1,1,0,0,0,1,1,0,0
0,1,25.0,1,0,2,0,0,1,0,0,1
1,0,22.0,0,1,4,1,0,0,0,0,1
0,0,38.0,0,0,2,0,1,0,0,0,1
0,1,40.0,1,4,3,0,0,1,0,0,1
0,1,29.0,1,0,3,0,1,0,1,0,0
0,0,45.0,0,1,2,0,0,1,1,0,0
0,1,35.0,0,0,0,0,0,1,0,0,1
0,1,30.0,0,0,0,0,0,1,0,0,1
1,0,24.0,0,0,0,0,0,1,1,0,0
1,0,24.0,0,0,4,1,0,0,1,0,0
1,1,25.0,1,0,4,1,0,0,1,0,0
0,1,18.0,1,0,0,0,0,1,0,0,1
0,1,19.0,0,0,1,0,0,1,0,0,1
0,1,22.0,0,0,4,1,0,0,1,0,0
0,0,3.0,3,1,2,0,0,1,0,0,1
1,0,24.0,1,0,4,1,0,0,1,0,0
1,0,22.0,0,0,0,0,0,1,0,0,1
0,1,27.0,0,2,4,1,0,0,1,0,0
0,1,20.0,0,0,0,0,0,1,1,0,0
0,1,19.0,0,0,0,0,0,1,0,0,1
1,0,42.0,0,0,4,1,0,0,1,0,0
0,1,32.0,0,0,1,0,0,1,0,0,1
1,0,35.0,1,0,4,1,0,0,0,0,1
0,1,18.0,0,0,4,0,1,0,0,0,1
1,0,36.0,0,0,2,0,1,0,0,0,1
0,1,24.0,0,0,0,0,0,1,0,1,0
1,0,17.0,0,0,2,0,1,0,1,0,0
1,1,36.0,1,2,4,1,0,0,0,0,1
1,1,21.0,0,0,0,0,0,1,0,0,1
0,1,28.0,2,0,1,0,0,1,0,0,1
1,0,23.0,1,0,4,1,0,0,1,0,0
1,0,24.0,0,2,2,0,0,1,0,0,1
0,1,22.0,0,0,0,0,0,1,0,0,1
0,0,31.0,0,0,1,0,0,1,0,0,1
0,1,46.0,0,0,3,0,1,0,0,0,1
0,1,23.0,0,0,1,0,1,0,0,0,1
1,0,28.0,0,0,2,0,1,0,0,0,1
1,1,39.0,0,0,1,0,0,1,0,0,1
0,1,26.0,0,0,1,0,0,1,0,0,1
0,0,21.0,1,0,1,0,0,1,0,0,1
0,1,28.0,1,0,2,0,0,1,0,0,1
0,0,20.0,0,0,1,0,0,1,0,0,1
0,1,34.0,1,0,2,0,1,0,0,0,1
0,1,51.0,0,0,0,0,0,1,0,0,1
1,1,3.0,1,1,2,0,1,0,0,0,1
0,1,21.0,0,0,0,0,0,1,0,0,1
0,1,24.0,0,0,0,0,0,1,0,1,0
1,0,33.0,1,0,4,1,0,0,0,1,0
1,1,44.0,0,0,1,0,0,1,0,0,1
0,0,24.0,0,0,1,0,0,1,0,0,1
1,0,34.0,1,1,3,0,1,0,0,0,1
1,0,18.0,0,2,2,0,1,0,0,0,1
0,0,10.0,0,2,3,0,0,1,0,0,1
0,1,21.0,0,0,0,0,0,1,0,1,0
0,1,29.0,0,0,1,0,0,1,0,0,1
0,0,28.0,1,1,2,0,0,1,0,0,1
0,1,18.0,1,1,2,0,0,1,0,0,1
1,0,28.0,1,0,3,0,1,0,0,0,1
1,0,19.0,0,0,3,0,1,0,0,0,1
1,1,32.0,0,0,1,0,0,1,0,0,1
1,1,28.0,0,0,3,1,0,0,0,0,1
1,0,42.0,1,0,3,0,1,0,0,0,1
0,1,17.0,0,0,0,0,0,1,0,0,1
0,1,50.0,1,0,4,1,0,0,0,0,1
1,0,14.0,1,2,4,1,0,0,0,0,1
0,0,21.0,2,2,3,0,0,1,0,0,1
1,0,24.0,2,3,2,0,1,0,0,0,1
0,1,31.0,0,0,1,0,1,0,0,0,1
1,0,45.0,1,1,3,0,1,0,0,0,1
0,1,20.0,0,0,1,0,0,1,0,0,1
0,1,25.0,1,0,0,0,0,1,0,0,1
1,0,28.0,0,0,2,0,1,0,0,0,1
1,1,24.0,0,0,1,0,0,1,0,0,1
1,1,4.0,0,2,4,1,0,0,0,0,1
1,0,13.0,0,1,2,0,1,0,0,0,1
1,1,34.0,0,0,3,1,0,0,0,0,1
1,0,5.0,2,1,2,0,0,1,1,0,0
1,1,52.0,0,0,3,1,0,0,0,0,1
0,1,36.0,1,2,3,0,1,0,0,0,1
0,1,24.0,1,0,2,0,0,1,0,0,1
0,1,30.0,0,0,3,1,0,0,1,0,0
1,1,49.0,1,0,4,1,0,0,1,0,0
1,1,29.0,0,0,1,0,0,1,1,0,0
1,0,24.0,1,0,4,1,0,0,0,0,1
1,0,50.0,0,0,1,0,1,0,0,0,1
1,1,48.0,0,0,3,1,0,0,0,0,1
0,1,34.0,0,0,1,0,0,1,0,0,1
0,1,47.0,0,0,3,1,0,0,0,0,1
0,1,48.0,0,0,2,0,1,0,0,0,1
0,1,38.0,0,0,0,0,0,1,0,0,1
0,1,24.0,0,0,0,0,0,1,0,1,0
0,1,38.0,0,0,1,0,0,1,0,0,1
1,0,33.0,1,2,3,0,1,0,0,0,1
1,0,23.0,0,0,2,0,1,0,1,0,0
0,0,22.0,0,0,1,0,0,1,0,0,1
0,1,24.0,0,0,4,1,0,0,0,0,1
0,1,29.0,1,0,0,0,0,1,0,0,1
0,1,22.0,0,0,0,0,0,1,0,0,1
0,1,9.0,5,2,4,0,0,1,0,0,1
0,1,50.0,0,0,1,0,0,1,0,0,1
1,1,25.0,1,0,4,1,0,0,1,0,0
1,0,35.0,1,0,4,1,0,0,0,0,1
1,1,9.0,1,1,2,0,0,1,0,0,1
0,1,21.0,0,0,0,0,0,1,0,0,1
0,1,24.0,0,0,2,0,0,1,1,0,0
1,0,54.0,1,0,4,1,0,0,1,0,0
0,1,24.0,0,0,2,0,0,1,0,0,1
0,0,25.0,1,2,4,1,0,0,0,0,1
0,1,24.0,0,0,0,0,0,1,0,0,1
0,0,21.0,0,0,0,0,0,1,0,1,0
0,0,24.0,0,0,0,0,0,1,0,1,0
0,0,37.0,0,0,1,0,0,1,0,0,1
1,0,16.0,0,0,4,1,0,0,0,0,1
0,1,18.0,1,0,4,1,0,0,1,0,0
1,0,33.0,0,2,3,0,1,0,0,0,1
1,1,24.0,0,0,3,1,0,0,0,0,1
0,1,28.0,0,0,3,0,0,1,0,0,1
1,1,26.0,0,0,4,0,0,1,0,0,1
1,1,29.0,0,0,0,0,0,1,0,1,0
1,1,36.0,0,0,3,1,0,0,0,0,1
1,0,54.0,1,0,4,1,0,0,1,0,0
0,1,24.0,0,0,0,0,0,1,0,0,1
0,1,47.0,0,0,3,1,0,0,0,0,1
1,0,34.0,0,0,1,0,1,0,0,0,1
0,1,24.0,0,0,3,0,0,1,0,1,0
1,0,36.0,1,0,3,0,1,0,0,0,1
0,1,32.0,0,0,1,0,0,1,0,0,1
1,0,30.0,0,0,4,1,0,0,0,0,1
1,0,44.0,0,1,4,1,0,0,1,0,0
0,1,24.0,0,0,0,0,0,1,1,0,0
0,1,40.5,0,0,0,0,0,1,0,1,0
0,1,24.0,0,0,4,1,0,0,0,0,1
0,1,39.0,0,0,1,0,0,1,0,0,1
0,1,23.0,2,1,2,0,1,0,0,0,1
0,1,17.0,1,1,0,0,0,1,1,0,0
1,0,24.0,0,2,3,0,0,1,1,0,0
0,0,30.0,0,0,1,0,0,1,0,0,1
1,0,7.0,0,2,3,0,1,0,0,0,1
0,1,45.0,0,0,3,1,0,0,0,0,1
1,0,30.0,0,0,4,1,0,0,1,0,0
0,1,24.0,0,0,2,0,0,1,0,0,1
1,0,22.0,0,2,4,1,0,0,1,0,0
1,0,36.0,0,2,4,1,0,0,0,0,1
0,0,9.0,4,2,3,0,0,1,0,0,1
0,0,11.0,4,2,3,0,0,1,0,0,1
1,1,32.0,1,0,3,0,1,0,0,0,1
0,1,50.0,1,0,4,1,0,0,1,0,0
1,0,19.0,1,0,3,0,1,0,0,0,1
1,1,24.0,0,0,2,0,1,0,1,0,0
0,1,33.0,1,1,2,0,0,1,0,0,1
1,1,8.0,1,1,3,0,1,0,0,0,1
1,1,17.0,0,2,4,1,0,0,1,0,0
0,1,27.0,0,0,3,0,1,0,0,0,1
0,1,24.0,0,0,0,0,0,1,0,1,0
1,1,22.0,0,0,0,0,0,1,1,0,0
1,0,22.0,0,0,0,0,0,1,0,0,1
1,0,48.0,1,0,3,1,0,0,1,0,0
0,1,24.0,0,0,4,1,0,0,1,0,0
1,0,39.0,1,1,4,1,0,0,0,0,1
1,0,36.0,1,0,2,0,0,1,0,0,1
0,1,40.0,0,0,1,0,0,1,0,0,1
0,1,28.0,0,0,2,0,1,0,0,0,1
0,1,24.0,2,0,3,0,0,1,0,0,1
0,1,19.0,0,0,1,0,0,1,0,0,1
0,0,29.0,0,4,2,0,0,1,0,0,1
1,1,32.0,0,0,1,0,0,1,0,0,1
1,0,53.0,2,0,4,1,0,0,0,0,1
1,1,36.0,0,0,3,1,0,0,0,0,1
0,1,16.0,0,0,1,0,0,1,0,0,1
0,1,19.0,0,0,2,0,0,1,0,0,1
1,0,34.0,0,0,2,0,1,0,0,0,1
1,0,39.0,1,0,4,1,0,0,0,0,1
0,0,24.0,1,0,2,0,0,1,1,0,0
1,1,32.0,0,0,1,0,0,1,0,0,1
1,0,25.0,1,1,3,0,1,0,0,0,1
1,0,39.0,1,1,4,1,0,0,1,0,0
0,1,54.0,0,0,3,0,1,0,0,0,1
0,1,36.0,0,0,4,1,0,0,1,0,0
0,1,24.0,0,0,1,0,0,1,1,0,0
1,0,18.0,0,2,4,1,0,0,0,0,1
0,1,47.0,0,0,2,0,1,0,0,0,1
0,1,35.0,0,0,0,0,0,1,0,0,1
1,0,52.0,1,0,4,1,0,0,1,0,0
0,1,47.0,0,0,0,0,0,1,0,0,1
0,0,24.0,0,2,0,0,0,1,0,1,0
0,1,37.0,1,0,3,0,1,0,0,0,1
0,1,36.0,1,1,3,0,0,1,0,0,1
1,0,24.0,0,0,3,0,1,0,0,0,1
0,1,49.0,0,0,0,0,0,1,0,0,1
1,1,49.0,1,0,4,1,0,0,1,0,0
1,0,24.0,2,1,3,0,1,0,0,0,1
0,1,24.0,0,0,4,1,0,0,0,0,1
0,1,44.0,0,0,1,0,0,1,0,0,1
1,1,35.0,0,0,3,1,0,0,1,0,0
0,1,36.0,1,0,2,0,0,1,0,0,1
0,1,30.0,0,0,1,0,0,1,0,0,1
1,1,27.0,0,0,3,1,0,0,0,0,1
1,0,22.0,1,2,4,0,1,0,1,0,0
1,0,40.0,0,0,4,1,0,0,0,0,1
0,0,39.0,1,5,3,0,0,1,0,0,1
1,0,24.0,1,2,4,0,1,0,0,0,1
0,1,34.0,1,1,2,0,0,1,0,0,1
0,0,26.0,1,0,2,0,0,1,0,0,1
1,0,4.0,2,1,3,0,1,0,0,0,1
0,1,26.0,0,0,1,0,1,0,0,0,1
0,1,27.0,1,0,2,0,0,1,1,0,0
1,1,42.0,1,0,4,1,0,0,0,0,1
1,1,20.0,1,1,2,0,0,1,1,0,0
0,1,21.0,0,0,1,0,0,1,0,0,1
0,1,21.0,0,0,2,0,0,1,0,0,1
1,0,21.0,0,0,4,1,0,0,0,0,1
0,1,26.0,0,0,1,0,0,1,0,0,1
0,1,24.0,0,0,0,0,0,1,0,1,0
0,1,51.0,0,0,0,0,0,1,0,0,1
1,1,32.0,0,0,3,1,0,0,1,0,0
0,1,24.0,0,0,0,1,0,0,0,0,1
0,0,9.0,3,2,3,0,0,1,0,0,1
0,1,31.0,1,1,3,0,1,0,0,0,1
0,0,41.0,0,5,3,0,0,1,0,0,1
0,1,24.0,1,0,2,0,0,1,0,0,1
1,1,24.0,0,0,4,0,0,1,0,0,1
1,1,48.0,1,0,4,1,0,0,1,0,0
0,1,24.0,0,0,0,0,0,1,0,0,1
1,0,23.0,0,0,0,0,0,1,0,0,1
1,0,18.0,0,1,3,0,1,0,0,0,1
0,1,21.0,0,0,1,0,0,1,0,0,1
1,0,24.0,0,0,0,0,0,1,0,1,0
0,0,18.0,0,0,0,0,0,1,0,1,0
0,1,24.0,2,0,4,0,1,0,0,0,1
0,0,32.0,1,1,2,0,0,1,0,1,0
0,1,23.0,0,0,2,0,1,0,0,0,1
1,1,50.0,2,0,4,1,0,0,0,0,1
0,1,40.0,0,0,0,0,0,1,1,0,0
0,1,47.0,0,0,3,1,0,0,0,0,1
0,1,36.0,0,0,0,0,0,1,0,0,1
1,1,20.0,1,0,1,0,0,1,0,0,1
0,1,32.0,2,0,4,0,1,0,0,0,1
0,1,24.0,0,0,0,0,0,1,0,0,1
0,1,43.0,0,0,1,0,0,1,0,0,1
1,0,24.0,1,0,4,1,0,0,0,0,1
1,0,40.0,1,1,3,0,1,0,0,0,1
0,1,31.0,1,0,4,1,0,0,0,0,1
1,1,31.0,0,0,2,0,1,0,0,0,1
0,1,18.0,0,0,0,0,0,1,0,0,1
0,1,24.5,0,0,1,0,0,1,0,0,1
1,0,18.0,0,0,1,0,0,1,0,0,1
0,0,43.0,1,6,4,0,0,1,0,0,1
1,1,36.0,0,1,4,1,0,0,1,0,0
0,0,24.0,0,0,1,0,0,1,0,1,0
1,1,27.0,0,0,4,1,0,0,1,0,0
0,1,20.0,0,0,1,0,0,1,0,0,1
0,1,14.0,5,2,4,0,0,1,0,0,1
0,1,25.0,1,2,4,0,1,0,1,0,0
0,1,14.0,4,1,3,0,0,1,0,0,1
0,1,19.0,0,0,1,0,0,1,0,0,1
0,1,18.0,0,0,0,0,0,1,0,0,1
1,0,15.0,0,1,4,1,0,0,0,0,1
1,1,31.0,1,0,4,1,0,0,0,0,1
1,0,4.0,0,1,2,0,0,1,1,0,0
0,1,25.0,0,0,0,0,0,1,1,0,0
0,1,52.0,0,0,2,0,1,0,0,0,1
1,0,24.0,0,0,0,0,0,1,0,1,0
0,1,49.0,1,1,4,1,0,0,1,0,0
0,1,42.0,0,0,0,0,0,1,0,0,1
1,0,18.0,1,0,4,1,0,0,1,0,0
1,1,35.0,0,0,3,1,0,0,0,0,1
0,0,18.0,0,1,2,0,0,1,1,0,0
0,1,25.0,0,0,0,0,0,1,0,1,0
0,1,26.0,1,0,1,0,0,1,0,0,1
0,1,39.0,0,0,3,0,1,0,0,0,1
1,0,45.0,0,0,2,0,1,0,0,0,1
1,1,42.0,0,0,3,1,0,0,0,0,1
1,0,22.0,0,0,4,1,0,0,0,0,1
1,0,24.0,0,0,4,1,0,0,1,0,0
0,1,24.0,0,0,3,1,0,0,0,0,1
1,1,48.0,1,0,4,1,0,0,0,0,1
0,1,29.0,0,0,1,0,0,1,0,0,1
0,1,52.0,0,0,2,0,1,0,0,0,1
0,1,19.0,0,0,0,0,0,1,0,0,1
1,0,38.0,0,0,4,1,0,0,1,0,0
1,0,27.0,0,0,1,0,1,0,0,0,1
0,1,24.0,0,0,2,0,0,1,0,1,0
0,1,33.0,0,0,0,0,0,1,0,0,1
1,0,6.0,0,1,3,0,1,0,0,0,1
0,1,17.0,1,0,0,0,0,1,0,0,1
0,1,34.0,0,0,2,0,1,0,0,0,1
0,1,50.0,0,0,2,0,1,0,0,0,1
1,1,27.0,1,0,4,1,0,0,0,0,1
0,1,20.0,0,0,1,0,0,1,0,0,1
1,0,30.0,3,0,2,0,1,0,0,0,1
1,0,24.0,0,0,0,0,0,1,0,1,0
0,1,25.0,1,0,3,0,1,0,0,0,1
0,0,25.0,1,0,1,0,0,1,0,0,1
1,0,29.0,0,0,4,1,0,0,0,0,1
0,1,11.0,0,0,2,0,0,1,1,0,0
0,1,28.5,0,0,2,0,0,1,0,0,1
0,0,48.0,1,3,3,0,0,1,0,0,1
1,1,35.0,0,0,4,1,0,0,1,0,0
1,1,24.0,0,0,3,1,0,0,0,0,1
0,1,36.0,1,0,4,1,0,0,0,0,1
1,0,21.0,2,2,4,1,0,0,1,0,0
1,1,31.0,0,0,1,0,0,1,0,0,1
0,1,16.0,1,1,2,0,0,1,0,0,1
1,0,30.0,0,0,2,0,1,0,0,0,1
0,1,19.0,1,0,4,1,0,0,0,0,1
0,1,31.0,0,0,0,0,0,1,0,1,0
1,0,4.0,1,1,3,0,1,0,0,0,1
1,1,6.0,0,1,2,0,0,1,0,0,1
0,1,33.0,0,0,1,0,0,1,0,0,1
0,1,23.0,0,0,1,0,0,1,0,0,1
1,0,48.0,1,2,4,0,1,0,0,0,1
0,1,28.0,0,0,0,0,0,1,0,0,1
1,0,33.0,0,0,4,1,0,0,0,0,1
0,1,41.0,0,0,0,0,0,1,0,0,1
1,1,20.0,0,0,0,0,0,1,1,0,0
1,0,36.0,1,2,4,1,0,0,0,0,1
0,1,16.0,0,0,0,0,0,1,0,0,1
1,0,51.0,1,0,4,1,0,0,0,0,1
0,1,24.0,0,0,3,1,0,0,1,0,0
0,0,30.5,0,0,0,0,0,1,0,1,0
0,1,24.0,1,0,3,0,0,1,0,1,0
0,1,32.0,0,0,1,0,0,1,0,0,1
0,1,24.0,0,0,1,0,0,1,0,0,1
0,1,48.0,0,0,1,0,0,1,0,0,1
1,0,54.0,1,3,3,0,1,0,0,0,1
0,1,18.0,0,0,0,0,0,1,0,0,1
0,1,24.0,0,0,0,0,0,1,0,1,0
1,0,5.0,0,0,2,0,0,1,0,0,1
0,1,24.0,0,0,0,0,0,1,0,1,0
1,0,43.0,0,1,4,1,0,0,0,0,1
1,0,13.0,0,0,0,0,0,1,1,0,0
1,0,17.0,1,0,4,1,0,0,0,0,1
0,1,29.0,0,0,3,1,0,0,0,0,1
0,1,24.0,1,2,3,0,0,1,0,0,1
0,1,25.0,0,0,0,0,0,1,0,0,1
0,1,25.0,0,0,0,0,0,1,0,0,1
1,0,18.0,0,0,0,0,0,1,0,0,1
0,1,8.0,4,1,3,0,0,1,0,1,0
0,1,46.0,0,0,4,1,0,0,1,0,0
0,1,16.0,0,0,3,0,1,0,0,0,1
0,1,24.0,0,0,3,1,0,0,1,0,0
0,1,25.0,0,0,1,0,0,1,0,0,1
0,1,39.0,0,0,2,0,1,0,0,0,1
1,0,49.0,0,0,3,1,0,0,0,0,1
1,0,31.0,0,0,1,0,0,1,0,0,1
0,1,30.0,0,0,0,0,0,1,1,0,0
0,0,30.0,1,1,3,0,0,1,0,0,1
1,0,31.0,1,1,3,0,1,0,0,0,1
1,1,11.0,1,2,4,1,0,0,0,0,1
1,1,27.0,0,0,0,0,0,1,0,0,1
0,1,31.0,0,0,0,0,0,1,0,0,1
0,1,39.0,0,0,0,1,0,0,0,0,1
0,0,18.0,0,0,0,0,0,1,0,0,1
1,0,33.0,1,0,4,1,0,0,0,0,1
0,1,26.0,0,0,1,0,0,1,0,0,1
0,1,39.0,0,0,3,0,0,1,0,0,1
0,1,35.0,0,0,1,0,1,0,0,0,1
0,0,6.0,4,2,3,0,0,1,0,0,1
0,1,30.5,0,0,1,0,0,1,0,0,1
0,1,24.0,0,0,0,1,0,0,0,0,1
0,0,23.0,0,0,1,0,0,1,0,0,1
0,1,31.0,1,1,3,0,1,0,1,0,0
0,1,43.0,0,0,0,0,0,1,0,0,1
0,1,10.0,3,2,3,0,0,1,0,0,1
1,0,52.0,1,1,4,1,0,0,0,0,1
1,1,27.0,0,0,1,0,0,1,0,0,1
0,1,38.0,0,0,0,1,0,0,0,0,1
1,0,27.0,0,1,2,0,0,1,0,0,1
0,1,24.0,0,0,0,0,0,1,0,1,0
0,1,24.0,0,0,4,0,0,1,0,0,1
1,1,24.0,0,0,0,0,0,1,0,1,0
1,0,15.0,1,0,2,0,0,1,1,0,0
0,1,23.0,0,0,1,0,0,1,0,0,1
0,1,18.0,0,0,1,0,0,1,0,0,1
1,0,39.0,1,1,4,1,0,0,1,0,0
0,1,21.0,0,0,1,0,0,1,0,0,1
1,1,24.0,0,0,3,1,0,0,1,0,0
0,1,20.0,0,0,1,0,0,1,0,0,1
0,1,16.0,0,0,1,0,1,0,0,0,1
1,0,30.0,0,0,3,1,0,0,1,0,0
0,1,34.5,0,0,0,0,0,1,1,0,0
0,1,42.0,0,0,0,0,0,1,0,0,1
0,1,35.0,0,0,1,0,0,1,1,0,0
0,1,28.0,0,1,3,0,1,0,0,0,1
1,0,24.0,1,0,4,1,0,0,1,0,0
0,1,4.0,4,2,3,0,0,1,0,0,1
0,0,9.0,1,1,2,0,0,1,1,0,0
1,0,16.0,0,1,3,1,0,0,0,0,1
0,0,44.0,1,0,3,0,1,0,0,0,1
1,0,18.0,0,1,1,0,0,1,0,0,1
1,0,45.0,1,1,4,1,0,0,0,0,1
1,1,51.0,0,0,3,1,0,0,0,0,1
1,0,24.0,0,3,2,0,0,1,1,0,0
0,1,41.0,2,0,2,0,0,1,0,0,1
0,1,21.0,1,0,2,0,1,0,0,0,1
1,0,48.0,0,0,3,1,0,0,0,0,1
0,1,24.0,0,0,2,0,1,0,0,0,1
1,0,42.0,0,0,2,0,1,0,0,0,1
1,0,27.0,1,0,2,0,1,0,1,0,0
0,1,31.0,0,0,4,1,0,0,0,0,1
1,1,4.0,1,1,2,0,0,1,0,0,1
1,0,47.0,1,1,4,1,0,0,0,0,1
0,1,33.0,0,0,0,1,0,0,0,0,1
0,1,47.0,0,0,1,0,0,1,0,0,1
1,0,28.0,1,0,3,0,1,0,1,0,0
1,0,15.0,0,0,0,0,0,1,1,0,0
0,1,20.0,0,0,1,0,0,1,0,0,1
1,0,25.0,0,1,3,0,1,0,0,0,1
0,1,33.0,0,0,1,0,0,1,0,0,1
0,0,22.0,0,0,2,0,0,1,0,0,1
0,1,28.0,0,0,1,0,1,0,0,0,1
0,0,39.0,0,5,3,0,0,1,0,1,0
1,0,19.0,0,0,3,1,0,0,0,0,1
0,0,24.0,1,2,3,0,0,1,0,0,1
1,1,26.0,0,0,3,1,0,0,1,0,0
0,1,32.0,0,0,0,0,0,1,0,1,0
